cancer,theta,ci_lo,ci_hi,width
PAAD,1.126,0.793,1.448,0.655
MESO,0.955,0.626,1.248,0.623
UCEC,0.616,0.251,0.922,0.671
LUAD,0.592,0.292,0.886,0.594
LIHC,0.547,0.212,0.839,0.626
PRAD,0.546,0.19,0.849,0.659
OV,0.452,0.129,0.753,0.625
THCA,0.429,0.119,0.724,0.605
GBM,0.406,0.104,0.701,0.598
LGG,0.396,0.097,0.703,0.606
LUSC,0.341,0.056,0.663,0.607
BLCA,0.321,0.017,0.634,0.617
KIRC,0.298,-0.026,0.618,0.644
BRCA,0.27,-0.023,0.552,0.575
COREAD,0.203,-0.124,0.537,0.661
ESCA,0.181,-0.129,0.506,0.635
CESC,0.167,-0.176,0.469,0.645
SKCM,0.128,-0.194,0.441,0.635
SCLC,-0.018,-0.323,0.288,0.61
STAD,-0.053,-0.364,0.228,0.593
HNSC,-0.203,-0.526,0.095,0.621
NB,-0.576,-0.914,-0.277,0.636
MB,-0.601,-0.955,-0.255,0.701
MM,-1.287,-1.653,-0.953,0.7
LCML,-1.765,-2.113,-1.42,0.694
LAML,-1.818,-2.186,-1.524,0.662
DLBC,-1.841,-2.199,-1.557,0.642
ALL,-2.013,-2.388,-1.684,0.703
