rank,cancer,theta,sensitivity,n_drugs,label
1,PAAD,1.126,0.356,272,HIGHLY RESISTANT
2,MESO,0.955,0.375,286,HIGHLY RESISTANT
3,UCEC,0.616,0.418,272,HIGHLY RESISTANT
4,LUAD,0.592,0.418,286,HIGHLY RESISTANT
5,LIHC,0.547,0.428,272,HIGHLY RESISTANT
6,PRAD,0.546,0.425,272,HIGHLY RESISTANT
7,OV,0.452,0.438,286,Moderately resistant
8,THCA,0.428,0.441,272,Moderately resistant
9,GBM,0.406,0.448,286,Moderately resistant
10,LGG,0.396,0.455,285,Moderately resistant
11,LUSC,0.34,0.451,272,Moderately resistant
12,BLCA,0.321,0.455,272,Moderately resistant
13,KIRC,0.297,0.452,286,Moderately resistant
14,BRCA,0.27,0.459,286,Moderately resistant
15,COREAD,0.203,0.465,286,Moderately resistant
16,ESCA,0.181,0.467,286,Moderately resistant
17,CESC,0.167,0.473,272,Moderately resistant
18,SKCM,0.128,0.475,286,Moderately resistant
19,SCLC,-0.018,0.501,286,Moderately sensitive
20,STAD,-0.053,0.498,272,Moderately sensitive
21,HNSC,-0.203,0.516,286,Moderately sensitive
22,NB,-0.576,0.565,286,HIGHLY SENSITIVE
23,MB,-0.602,0.565,268,HIGHLY SENSITIVE
24,MM,-1.288,0.652,272,HIGHLY SENSITIVE
25,LCML,-1.766,0.702,272,HIGHLY SENSITIVE
26,LAML,-1.818,0.708,286,HIGHLY SENSITIVE
27,DLBC,-1.842,0.713,286,HIGHLY SENSITIVE
28,ALL,-2.013,0.73,272,HIGHLY SENSITIVE
