regime,sparsity,rho_irt,rho_avg,delta,irt_sd,avg_sd
MCAR,0.2,0.9953293194672502,0.9670133187374567,0.028316000729793567,0.002782802549160746,0.01225608297847
MCAR,0.4,0.9921912059843095,0.9430395913154536,0.04915161466885598,0.003412127634391083,0.014886005380297216
MCAR,0.6,0.9813537675606642,0.8919540229885058,0.08939974457215838,0.007783004028330652,0.03273033811484154
Cancer-biased,0.2,0.996241561758803,0.9717204889618682,0.024521072796934718,0.0019670617729528744,0.008754484663165413
Cancer-biased,0.4,0.9874110563765733,0.9396460499908775,0.04776500638569581,0.006121138978681829,0.018841688232780793
Cancer-biased,0.6,0.9715745301952199,0.876482393723773,0.09509213647144688,0.01591820714819414,0.04399316234353904
Drug-biased,0.2,0.9962415617588031,0.9635103083378946,0.032731253420908435,0.001894654987885037,0.014522255488840424
Drug-biased,0.4,0.989673417259624,0.923882503192848,0.06579091406677595,0.005184362111683875,0.02561160483979579
Drug-biased,0.6,0.9812078087940156,0.8885239919722678,0.09268381682174776,0.005694029021830746,0.02979735798698645
Block(pathway),0.2,0.9943805874840357,0.986535303776683,0.007845283707352713,0.004068886964331038,0.0063290420859766485
Block(pathway),0.4,0.9936143039591314,0.9748950921364713,0.01871921182266012,0.004467566338394654,0.011827164140781807
Block(pathway),0.6,0.9804050355774494,0.9620507206714102,0.018354314906039226,0.007874167710281077,0.014153109148956339
